id|first_name|last_name
1|Reina|Wilkennson
2|Kimbra|Mayger
3|Tamra|Reily
4|Jasmine|Pitrollo
5|Barbara|Andreolli
6|Zonnya|Finnis
7|Cloe|Murrey
8|Elmira|Sidon
9|Flo|Mowsley
10|Evan|Nelissen
11|Opalina|Knagges
12|Renaldo|Haquard
13|Brit|Torricina
14|Allsun|Rowler
15|Reeta|Lerner
16|Klarika|Fishley
17|Fayre|Deporte
18|Corena|O'Ruane
19|Alden|Armal
20|Reece|Yashin
21|Harrie|Jendrach
22|Carson|Arndell
23|Moll|Walkling
24|Gwenni|Jarmyn
25|Helli|Daviot
26|Hans|Masarrat
27|Colleen|Sully
28|Maryellen|Tejero
29|Jessa|Clute
30|Ella|Bumford
31|Kandy|Griffitts
32|Farly|Duffett
33|Vida|Markie
34|Mariska|Bruhn
35|Heloise|Roset
36|Anton|Ilson
37|Vonny|Haskayne
38|Addie|Filyushkin
39|Wadsworth|Ollive
40|Anet|Schwandner
41|Jecho|Diboll
42|Berkeley|Garnam
43|Reinhard|Duckering
44|Mirabelle|Tantum
45|Xever|Bunson
46|Callean|Tuxwell
47|Ardella|Tremelling
48|Worth|Greenaway
49|Isak|Oakley
50|Cathlene|Karet
51|Aimee|Kalderon
52|Jesse|Mallall
53|Lyda|Keune
54|Kellsie|MacCaughan
55|Hedvige|Kiernan
56|Veradis|Nightingale
57|Joanne|Ogilvie
58|Dorian|Mainston
59|Susanetta|Wickens
60|Julianne|Oggers
61|Alwyn|Geraghty
62|Amber|Thomke
63|Dorita|Lygoe
64|Margaretta|Di Bartolommeo
65|Judas|Pippin
66|Kerry|Peat
67|Grace|Glawsop
68|Stephi|Newart
69|Marcy|Gebhardt
70|Gabey|McLaine
71|Creight|Raistrick
72|Damiano|Muro
73|Mickey|Mattessen
74|Brew|Beidebeke
75|Monti|O'Lennane
76|Devin|Maliffe
77|Clevie|McElane
78|Elvira|Villa
79|Gina|Jedrzej
80|Catlin|Alway
81|Dyan|Bunhill
82|Gib|Dullingham
83|Aymer|Antoniottii
84|Celestyna|Lorentzen
85|Leann|Rolley
86|Timotheus|Sagg
87|Ruddy|Ghilardini
88|Ewart|Arbor
89|Esta|Letterese
90|Herc|Cuell
91|Erik|Wasteney
92|Ingeberg|Lambregts
93|Chlo|Mc Cahey
94|Aurthur|Jorge
95|Helyn|Janse
96|Ephrayim|MacMechan
97|Daron|Aloshechkin
98|Fonzie|Rowan
99|Orelee|Baddam
100|Mattheus|Ardron
101|Alexandrina|Scoles
102|Rois|Nockalls
103|Stanislaus|McQuillin
104|Genevieve|Ferrotti
105|Melisenda|Pitts
106|Bebe|Ganley
107|Ansley|Pardon
108|Charleen|Turnor
109|Tiff|Whalley
110|Lucilia|Glayzer
111|Hillary|Leibold
112|Thornton|Fairhead
113|Josepha|Grimsley
114|Carlee|Floyed
115|Glynis|Beckitt
116|Suzette|Duffie
117|Hodge|Pacheco
118|Etti|Goodspeed
119|Roselle|Kinde
120|Hatti|Luciano
121|Minne|McDonnell
122|Patsy|MacMaster
123|Randene|Caunce
124|Francesco|Fellgate
125|Birch|Hennemann
126|Carri|Fancutt
127|Mickie|Ramalhete
128|Everard|Hurlin
129|Nedda|Soans
130|Codi|Argue
131|Kevin|Smaleman
132|Matthieu|Klink
133|Kaia|Wallsam
134|Ethel|Kellogg
135|Foss|Adelman
136|Jason|Kennewell
137|Victoria|Braunston
138|Katya|Maryan
139|Priscilla|Maycey
140|Emelina|D'Ambrogio
141|Kassia|Larvin
142|Chandler|Musker
143|Augustina|McCoish
144|Nady|Ottam
145|Farrel|Matthessen
146|Tripp|Rosenberger
147|Dara|Reynard
148|Sharla|Balaison
149|Jean|Rusling
150|Ivett|Hurran
151|Nataniel|Brain
152|Darby|Raybould
153|Cyrillus|Pittendreigh
154|Dody|Proven
155|Laraine|Seres
156|Leontyne|Arkin
157|Dwayne|Kermode
158|Abagail|Burkitt
159|Rudiger|Thairs
160|Tristan|Haps
161|Shela|Poker
162|Daisie|Wolfindale
163|Sher|Hebard
164|Bea|Hincham
165|Henka|Reuther
166|Jennilee|Bettley
167|Sandi|Gotthard.sf
168|Issy|Chrstine
169|Emelyne|Seabourne
170|Brody|Tongue
171|Valentina|Neilands
172|Law|Mushrow
173|Kaylyn|Motte
174|Field|Silber
175|Marieann|Pearlman
176|Dewitt|Shynn
177|Concordia|Load
178|Sande|Escalante
179|Kristo|Smead
180|Arleta|Merida
181|Vernice|Lang
182|Rori|Corroyer
183|Davina|Gilchriest
184|Wheeler|Bendare
185|Anya|Korba
186|Stephen|Ceccoli
187|Yoshi|Houseman
188|Tris|Duddan
189|Sharona|Alwen
190|Madelyn|Padgett
191|Marleah|Morgon
192|Cosmo|Simmill
193|Antonino|Schlagtmans
194|Jeramie|Nias
195|Lisbeth|Demicoli
196|Briano|Molson
197|Berty|Gebbie
198|Katha|Kubach
199|Elenore|Slogrove
200|Alastair|Scadding
201|Norine|Foran
202|Garik|Tomkiss
203|Reggi|Lavens
204|Pam|Poplee
205|Katey|Colhoun
206|Jessa|McCartan
207|Egan|Izod
208|Darci|Zmitruk
209|Stormie|Glede
210|Riordan|Wordesworth
211|Seward|Trees
212|Linnea|Lynnett
213|Wilhelmine|Blackborow
214|Bone|Harrow
215|Mathilde|Nickolls
216|Roz|Slee
217|Avril|Tilburn
218|Adrienne|Trevorrow
219|L;urette|Scrine
220|Fernanda|Stiling
221|Everard|Dibden
222|Juliette|Fenimore
223|Mill|Blick
224|Madison|Mapples
225|Dennie|Iacofo
226|Kati|Birnie
227|Hortense|Jarrel
228|Howey|Charlot
229|Katheryn|Romushkin
230|Cole|Foxworthy
231|Jaymie|Tinn
232|Elizabet|Jiran
233|Sandor|Daynter
234|Kevon|Glennard
235|Edward|Rootham
236|Mellicent|Herrero
237|Cordell|Grimshaw
238|Reade|Perllman
239|Yehudit|Upjohn
240|Danna|Marcos
241|Merry|Perulli
242|Herby|McKelvey
243|Adela|Wrenn
244|Clarice|Kelner
245|Udale|Redsull
246|Ruthie|Waldera
247|Maryjane|Grigolashvill
248|Farrel|Kingett
249|Matt|Weavill
250|Viviyan|Melling
251|Adolph|Provost
252|Anabella|Rolance
253|Alys|Lowin
254|Elwin|Giorgini
255|Willie|Bonus
256|Jammie|Thunnerclef
257|Corene|Cashford
258|Derek|Corkhill
259|Tandy|Marchenko
260|Elinore|Madle
261|Syman|Cathrall
262|Annora|Keelin
263|Stevie|Sowersby
264|Dun|Paxeford
265|Portia|Satchel
266|Wendel|Cranny
267|Herschel|Geroldo
268|Alisha|Chedzoy
269|Molly|Bagwell
270|Maggee|Boole
271|Reginald|Nardrup
272|Walton|Roubottom
273|Waldon|Blucher
274|Meghann|Prattington
275|Erik|Probate
276|Michele|Annon
277|Costa|Frany
278|Faye|Scrane
279|Brigitte|Gytesham
280|Conn|Boate
281|Ash|Cliss
282|Lock|Witton
283|Dorris|Pendry
284|Harlan|Gummory
285|Phyllys|Crellim
286|Cecil|Devin
287|Ezri|Tipper
288|Gil|Yezafovich
289|Peder|Searjeant
290|Inness|Kiss
291|Cy|Gruszka
292|Zacharia|Shakespear
293|Curcio|Glencrash
294|Jeanna|Nodin
295|Allissa|Mapes
296|Felicio|Eim
297|Vale|Bines
298|Sterne|Hunte
299|Langsdon|Cymper
300|Bekki|Smetoun
301|Windy|Dunks
302|Noella|Yusupov
303|Corinna|Kezor
304|Brady|Sperring
305|Luce|Maciaszczyk
306|Chandler|Gubbins
307|Janos|Sulley
308|Leanora|Bessent
309|Daile|Blasl
310|Kenyon|Tofanelli
311|Sibeal|Aslie
312|Wyatan|Brabbs
313|Melania|Twyning
314|Corissa|Bessom
315|Vito|McColl
316|Lorena|Castellone
317|Garek|Strettle
318|Shem|Christescu
319|Mauricio|Tomkys
320|Cecilia|Fishly
321|Bonnibelle|Grund
322|Templeton|Finci
323|Glory|Arney
324|Hiram|Perin
325|Hildegarde|Tenaunt
326|Sybila|Jamme
327|Dru|Darycott
328|Em|Patley
329|Ali|Gare
330|Patricia|Bumford
331|Winnie|Southern
332|Griswold|O'Hagirtie
333|Mattie|Lehemann
334|Yolane|Manuel
335|Clareta|Patinkin
336|Hart|Pittam
337|Trent|Jerrans
338|Ingrid|Coltart
339|Emery|Sellek
340|Caresse|Lisciandri
341|Franny|Hunnybun
342|Emera|Bryden
343|Morlee|Wheldon
344|Fonzie|Subhan
345|Elnore|Loachhead
346|Michaeline|Farfolomeev
347|Jo ann|Fayerman
348|Juan|Cheatle
349|Kerwin|Smitheram
350|Jerry|Urpeth
351|Janela|Herety
352|Michaela|Hinsch
353|Eleanor|Gregol
354|Jasen|Bradwell
355|Hobard|Longhirst
356|Emory|Yarnley
357|Freddie|Kirkam
358|Wilek|Loveday
359|Dyanne|Plumridge
360|Stafani|Gori
361|Dorise|Simenet
362|Celinka|O'Currine
363|Dru|Margerrison
364|Bertine|Sybry
365|Aubrey|Wolfer
366|Jillene|Farfolomeev
367|Dieter|Titchard
368|Tallie|Borrell
369|Emmalee|Steer
370|Lelia|Donnellan
371|Wilton|Cicchillo
372|Cindra|Zoane
373|Bartolemo|Gothup
374|Shayna|Ferrarotti
375|Maighdiln|Rathjen
376|Celka|Blagburn
377|Seamus|Fawssett
378|Giles|Berget
379|Cynde|Wraight
380|Katharina|Garvill
381|Cynthia|Santora
382|Lonee|Baffin
383|Cecelia|Giuron
384|Bernarr|Laville
385|Cornie|Manske
386|Jere|Netherwood
387|Nike|Dedon
388|Phyllida|Soame
389|April|Milborn
390|Steffane|Trimming
391|Erin|Winspear
392|Bonni|Sheldrake
393|Viola|Clutterbuck
394|Worthington|Serraillier
395|Kaela|Jefferys
396|Ricki|Howis
397|Laurie|Tomaszewski
398|Gawain|Lattie
399|Trev|MacAlister
400|Garwood|Terrans
401|Any|Igoe
402|Aubrey|Mendus
403|Bondie|Kubiak
404|Cris|Ziemsen
405|Cathie|Romaines
406|Maddie|Morrall
407|Stanton|Abbison
408|Ode|Leggin
409|Fanchette|Knutsen
410|Raimund|Soane
411|Dorena|Vella
412|Melania|Fardoe
413|Baillie|Lamprecht
414|Stacee|Krabbe
415|Catlin|Crosfield
416|Adrienne|Mordey
417|Agna|Lammerich
418|Kamila|Frapwell
419|Bobina|Raven
420|Anna-diane|Cansdell
421|Frazier|Sired
422|Niki|Brambell
423|Pascale|Dingley
424|Cheston|Bernardoux
425|Bernarr|Romans
426|Luther|MacCall
427|Wrennie|Reinbech
428|Stefano|Edgecumbe
429|Edlin|Eard
430|Kipp|Shankland
431|Wesley|Scourge
432|Julienne|Manzell
433|Felicio|Clelle
434|Kiri|Shallcross
435|Tracie|Doneld
436|Hortense|Peterffy
437|Catrina|Kolodziejski
438|Emmaline|Kochl
439|Davide|Eastabrook
440|Marissa|Indruch
441|Cassey|Pettengell
442|Timofei|Von Brook
443|Hendrika|New
444|Lorene|Dombrell
445|Loy|Taylerson
446|Ber|Sleite
447|Dela|Starzaker
448|Torin|Southwick
449|Silvano|Kyle
450|Humbert|Pendered
451|Maddie|Landa
452|Pen|Grenshields
453|Frederigo|Hakey
454|Launce|Stubbings
455|Cherilyn|Pople
456|Taylor|Yakubovich
457|Cathrin|Gonthier
458|Cordell|Anwell
459|Rawley|Sizzey
460|Stefa|Hagard
461|Tandy|Basilone
462|Morie|Daenen
463|Danny|Filewood
464|Hedwiga|Harme
465|Tanner|Broadhead
466|Rudd|Cortes
467|Vivienne|Huckett
468|Boyd|Creek
469|Helga|Waudby
470|Ronica|Spittles
471|Lina|Pears
472|Evita|Porrett
473|Dannie|Brixey
474|Wylie|McNerlin
475|Marcel|Jentle
476|Llewellyn|Gilbard
477|Beryle|Lehr
478|Sena|MacKellen
479|Byrle|Lazer
480|Natasha|Bilsland
481|Rene|Grigaut
482|Ezra|Syplus
483|Darb|Gundry
484|Barron|Cripin
485|Dewie|Bernakiewicz
486|Stepha|Cusack
487|Margy|Ladyman
488|Bear|Chiplin
489|Eleanora|Drewell
490|Leshia|Le Hucquet
491|Tremayne|Betje
492|Sharline|Guillerman
493|Loutitia|Monier
494|Aylmar|Leitch
495|Bevon|Leborgne
496|Xylia|McLeary
497|Ninnette|Erdis
498|Ludwig|Weinberg
499|Dannie|Guest
500|Levey|Bebb
501|Brendon|Isakovitch
502|Steffie|Walles
503|Rosalynd|Friedenbach
504|Bram|Ellyatt
505|Fulton|Gillean
506|Fania|Duffill
507|Fiann|Yakolev
508|Tommi|Ogelbe
509|Rolfe|Ludye
510|Stewart|Laetham
511|Bartholomeus|Blei
512|Ailis|Caltera
513|Nicoli|Scoffham
514|Tanitansy|Bushell
515|Hamel|Stubbings
516|Jeannie|Van
517|Paquito|MacCurtain
518|Brice|Messom
519|Florette|McGraith
520|Odelle|Neat
521|Katha|Wrinch
522|Lucia|Kesby
523|Toinette|McKinnon
524|Kerwinn|Persse
525|Linell|Gilkes
526|Vonni|Greed
527|Bekki|Brunton
528|Sandy|Shergold
529|Curran|Lies
530|Orville|Chantree
531|Geno|Jerrolt
532|Hinze|McCourt
533|Libbie|D'Abbot-Doyle
534|Melitta|Carnalan
535|Gideon|Bearfoot
536|Zachery|Grisbrook
537|Augustus|Cesaric
538|Jarrod|Piborn
539|Myrtia|Grigs
540|Ibbie|Sterrick
541|Tracy|McAloren
542|Lani|Van't Hoff
543|Der|Cornilli
544|Beaufort|Manes
545|Deanne|Butterick
546|Domini|Philpin
547|Annis|Sibbson
548|Hallsy|Paz
549|Margi|Ashbey
550|Lorelei|Clarridge
551|Kalie|Lawee
552|Robinia|Bennough
553|Pacorro|Dignam
554|Rheta|MacFall
555|Urban|Lowdiane
556|Gaylord|Pohlke
557|Annadiane|Catherick
558|Turner|Kersley
559|Neil|Yesson
560|Godard|Whiting
561|Querida|Ruppert
562|Lucas|Haney
563|Joachim|Sam
564|Dew|Henstridge
565|Auguste|Gallanders
566|Aigneis|Mulvy
567|Glynn|Grent
568|Niven|Coldicott
569|Kellen|Midlar
570|Ailbert|Treeby
571|Heath|Greathead
572|Quentin|Danilenko
573|Almeta|MacLaughlin
574|Aylmer|Caddie
575|Randene|Harston
576|Nowell|Westwater
577|Jania|Patrone
578|Bartel|Cowoppe
579|Heidie|Preble
580|Marleen|Regus
581|Kelli|Ledward
582|Barrie|Keddey
583|Teresina|Hacquoil
584|Cristen|Kelly
585|Brod|Drane
586|Eilis|Sigward
587|Harold|Staker
588|Brennan|McMakin
589|Kirbee|Tyhurst
590|Reed|Iddiens
591|Rickard|MacAlpine
592|Brittaney|Date
593|Caryn|Prayer
594|Genny|Oleszcuk
595|Karon|Gonnelly
596|Catlee|Hubbucks
597|Zollie|Skinley
598|Robb|Trenear
599|Leonid|Kliche
600|Myrilla|Payton
601|Jarrett|Thorowgood
602|Maison|Grafton
603|Bastian|Gash
604|Amelina|Sumpter
605|Evaleen|Harcase
606|Hamnet|Bance
607|Michale|Weaving
608|Cullin|Radke
609|Gradey|Bennett
610|Hallie|Mulholland
611|Sher|Rowling
612|Rosanne|Di Boldi
613|Willow|Tapson
614|Bethena|Elvidge
615|Ginger|Vearncombe
616|Krissie|Mayte
617|Dolf|Vause
618|Odele|Maffey
619|Milton|Vandenhoff
620|Suzanne|Seeler
621|Arri|Bamfield
622|Editha|Cofax
623|Maressa|Shipley
624|Maryanne|Leppo
625|Darren|Himsworth
626|Kissiah|Ginn
627|Allys|Espinoza
628|Thekla|Taborre
629|Michail|Whitman
630|Bail|Abramski
631|Ingunna|Mundford
632|Mattheus|Rustidge
633|Cass|Zeal
634|Enrico|Torrie
635|Smith|Kenningham
636|Cord|Steet
637|Roddie|Cazin
638|Gianni|Hawkshaw
639|Kissie|Hartup
640|Friedrick|Lockney
641|Andeee|Dureden
642|Sharai|Trelevan
643|Courtnay|Betton
644|Vasili|Calcut
645|Waite|McMurray
646|Channa|Shoubridge
647|Marquita|Foldes
648|Janenna|Danilishin
649|Bertrand|Coalbran
650|Shantee|Pinard
651|Norman|Dabrowski
652|Jyoti|Gaskarth
653|Dore|Connop
654|Ellerey|Pfertner
655|Evelyn|Spirit
656|Adena|Bullivant
657|Johny|Albury
658|Karel|Dulany
659|Tani|Rabbatts
660|Korry|Wright
661|Nellie|Chirm
662|Ravid|Wetwood
663|Brien|Grabban
664|Orlando|Bimson
665|Jereme|Sandal
666|Wiley|Danaher
667|Craggie|Roden
668|Lia|Curness
669|Vivia|Enocksson
670|Jillene|Amis
671|Susannah|Godsmark
672|Yance|Raysdale
673|Bud|Sumnall
674|Emerson|Megarrell
675|Katleen|Cuncliffe
676|Leora|Leyburn
677|Ryann|Blencoe
678|Karena|Petrushka
679|Sara-ann|Gillani
680|Milo|Yoseloff
681|Camellia|Bayns
682|Constantia|Kimber
683|Klaus|Hatwells
684|Giavani|Cafferky
685|Ceciley|Ardley
686|Althea|Andri
687|Ilene|Wyrall
688|Jay|Huchot
689|Barbee|Billie
690|Aube|Gainsborough
691|Karoline|Carnier
692|Jobi|Di Franceschi
693|Clevie|Pantry
694|Nell|Whatham
695|Jean|Parnall
696|Holmes|Joyson
697|Josee|Cathenod
698|Isabel|Ruckman
699|Wit|Purvis
700|Merilyn|McCalum
701|Lorita|Kattenhorn
702|Dannie|Dallimare
703|Tucky|Gowan
704|Roley|Rumsby
705|Trudy|Cassells
706|Flor|Rolph
707|Ambrosi|Sallter
708|Duane|Issard
709|Jodie|Vivien
710|Raffaello|Heenan
711|Sherry|Dulson
712|Enrika|Cluley
713|Vannie|Robbeke
714|Katina|Buyers
715|Leonidas|Engel
716|Stafani|Grzegorzewski
717|Annelise|Venard
718|Findley|Ivain
719|Rosalind|Brokenbrow
720|Dallas|Abry
721|Alexandros|Norcross
722|Donia|McGinnis
723|Rob|Tuffield
724|Shellie|Beadham
725|Gabey|Collings
726|Dalli|Cranham
727|Indira|Pearsall
728|Adrianna|Ivushkin
729|Berti|Kaesmakers
730|Enos|Aveyard
731|Crawford|McIlhagga
732|Randie|Norvell
733|Emile|Lillecrap
734|Giusto|Heffernan
735|Grant|Langtree
736|Dyann|Rief
737|Klarrisa|Cummins
738|Jobye|Beagrie
739|Modesta|Schoolfield
740|Any|Abernethy
741|Lilllie|Schwaiger
742|Adel|Edwin
743|Shana|Verecker
744|Tuckie|Skerrett
745|Jobye|Haruard
746|Kelley|Gonning
747|Gareth|Dace
748|Janka|Zaniolo
749|Darb|Tiebe
750|Shelli|Halgarth
751|Neddy|Bullerwell
752|Ruthanne|Sacher
753|Kiersten|Brosel
754|Andee|Trathan
755|Sly|Haylock
756|Roosevelt|Partleton
757|Archie|Hultberg
758|Sutherland|Daintry
759|Julina|Ladbury
760|Bertie|Pietruschka
761|Tito|Ganiford
762|Rachel|Whiteway
763|Eve|Greenhowe
764|Guinna|Dodamead
765|Egbert|Roger
766|Tirrell|Keaton
767|Nonie|Denford
768|Theodosia|Skerman
769|Gilligan|Clemencet
770|Nealy|Jouannisson
771|Sutherlan|Algar
772|Diandra|Wondraschek
773|Delmer|Golling
774|Kermy|Nial
775|Sauveur|Luchetti
776|Brian|Carrol
777|Veronika|Willes
778|Anetta|Tidridge
779|Fransisco|Pinson
780|Mack|Caustic
781|Candie|Arnault
782|Fiona|Moseby
783|Reeta|Wadworth
784|Ranice|Glawsop
785|Pascal|Cridlin
786|Brittany|Beddoes
787|Morlee|Vidyapin
788|Olivier|Coates
789|Abran|Bantham
790|Loise|Knowller
791|Buddy|Pavlishchev
792|Ashley|Crosscombe
793|Gale|Goodswen
794|Keefe|Brockwell
795|Chandal|Jecock
796|Gabi|Sundin
797|Jobi|Coppin
798|Melania|Raffin
799|Agathe|Kayser
800|Derick|Fanner
801|Thibaud|Jowett
802|Brandy|Brazil
803|Yves|Fynan
804|Zia|Bigrigg
805|Margery|Stuckey
806|Tiler|Burds
807|Mildred|Kinworthy
808|Linn|Brennenstuhl
809|Alane|Wildblood
810|Dilly|Whines
811|Dean|Mantha
812|Ericha|Kitteridge
813|Cass|Stuttman
814|Michaella|Jennions
815|Vasilis|Docwra
816|Maryann|Hanselmann
817|Cody|Dewer
818|Daloris|Cullrford
819|Krista|Pipping
820|Kermy|Boffin
821|Andrei|Endacott
822|Esme|Westphal
823|Garry|Shucksmith
824|Nathalia|Ghest
825|Karol|Siderfin
826|Lory|Glusby
827|Sibelle|Sheerman
828|Dean|Bridge
829|Alysia|Tuckerman
830|Kevon|Zarb
831|Chuck|Kiljan
832|Hilde|Northwood
833|Joya|Gubbin
834|Kelley|Wainscot
835|Maressa|Brayson
836|Isidro|Pordal
837|Ware|Corkel
838|Zaria|Sey
839|Ansel|Latchmore
840|Rebeca|Roobottom
841|Celeste|Jimpson
842|Timmie|Tabour
843|Marlie|Roocroft
844|Magnum|Dunsleve
845|Dona|Esparza
846|Angelle|Greggersen
847|Felicdad|Cornewell
848|Benjamen|Roddick
849|Philis|Benaine
850|Vasilis|O'Mara
851|Jocko|Mobberley
852|Ad|Ferrari
853|Modesty|Touzey
854|Wyatt|Gummory
855|Darryl|Stivens
856|Chance|Fetter
857|Mack|Gwinn
858|Chrissie|Hynard
859|Justine|Thor
860|Chester|Salsbury
861|Hasty|Dabbes
862|Julita|Padgett
863|Mattie|Tailby
864|Courtenay|McDougal
865|Eileen|Shearman
866|Gardie|O'Rourke
867|Augustine|Shadwick
868|D'arcy|McCudden
869|Darcie|Shearmer
870|Tyler|Dowda
871|Rubia|Corballis
872|Ettore|Persse
873|Tybalt|Leber
874|Carly|Bogart
875|Shelia|Dabling
876|Sal|Gotfrey
877|Chevalier|Veschi
878|Reine|Goodings
879|Cherianne|Streets
880|Jaime|Ambrozewicz
881|Killie|Terbeck
882|Lauritz|Pentony
883|Hendrik|Keig
884|Corabella|Rimington
885|Nessi|Nisbith
886|Leigh|Gages
887|Fonzie|Garden
888|Olin|Ipsly
889|Shane|Thornham
890|Meade|Baumber
891|Harmon|de Vaen
892|Emmalynn|Madgin
893|Hali|Ciccerale
894|Tristan|Boulding
895|Webb|Innett
896|Lindie|Mathie
897|Sigrid|Crockford
898|Cos|Caldicot
899|Vonny|Courtier
900|Marillin|Mace
901|Barris|Judd
902|Temp|Ashfull
903|Marty|Georgelin
904|Margaretha|Chuck
905|Marlie|Potapczuk
906|Jesselyn|Mahood
907|Zilvia|Soall
908|Christyna|Trulocke
909|Georgie|Davitti
910|Siusan|Denge
911|Luci|Speakman
912|Sal|Maycock
913|Charmaine|Stubbe
914|Randy|Sunner
915|Nickey|Wilce
916|Gradey|Pettigree
917|Garwin|Golsthorp
918|Michaelina|Basterfield
919|Truman|Brunetti
920|Cass|Edwicke
921|Andras|Bollin
922|Lorain|Mesnard
923|Worden|Hillett
924|Fanechka|Starsmore
925|Washington|Brimman
926|Erica|Stelfax
927|Chicky|Gaule
928|Englebert|Ferrer
929|Daron|Haines
930|Mabel|Dyment
931|Ericka|Kemitt
932|Logan|Craghead
933|Caty|Leece
934|Micky|Verecker
935|Roderic|Liggins
936|Bale|Funnell
937|Guido|Trustrie
938|Daron|Baumadier
939|Doe|Skace
940|Isidore|Leonarde
941|Florance|Giorgietto
942|Kerwin|Lindenman
943|Tucky|Kilbey
944|Franky|Reavell
945|Joete|Oldroyd
946|Gayel|Matussow
947|Kahlil|Willard
948|Mariele|Knipe
949|Donovan|Goodale
950|Gibby|Heister
951|Franz|Bompas
952|Desirae|Simmonett
953|Caren|Leaning
954|Pamela|Mepham
955|Reinhold|Tubble
956|Seka|Wimpenny
957|Sheff|Hlavac
958|Zollie|Sivell
959|Erie|Stolting
960|Randy|Swayland
961|Lyndel|Breagan
962|Alexio|Kinman
963|Elisha|Drew
964|Ly|Enever
965|Saree|Gillanders
966|Kasey|Skippings
967|Torrey|Dumbelton
968|Bryn|Hadkins
969|Athene|Vickars
970|Faulkner|Leel
971|Rock|Wildber
972|Delphine|Longworthy
973|Ellery|Freiburger
974|Ester|Rother
975|Lanae|Raittie
976|Dunc|Sturzaker
977|Ardra|Ipsgrave
978|Bogey|Cockhill
979|Etienne|Bouda
980|Marie|Alenshev
981|Sallie|Elcoat
982|Nanci|Clemmensen
983|Jewel|Bannell
984|Michelina|Hambleton
985|Nelli|Decroix
986|Edita|Heater
987|Janaye|Slott
988|Riobard|Kennerley
989|Reyna|Adamovicz
990|Elmira|Cowlas
991|Chantal|Solomonides
992|Kristi|Duce
993|Drucie|Franzonello
994|Sumner|Dymoke
995|Valma|Radmer
996|Linette|Cockrem
997|Ross|Garrelts
998|Faustina|Hearst
999|Alida|Awde
1000|Annalee|Bowld
